{
    "_executionDefList": [
        {
            "_name": "Fieled to remove folder",
            "_matchDefList": [
                {
                    "_type": "simple_string",
                    "_keyword": "Failed to remove folder:",
                    "_regex": "",
                    "_groupCollection": [],
                    "_paramFilter": {
                        "_field": "",
                        "_params": [],
                        "_relations": []
                    }
                }
            ],
            "_defInfo": {
                "usedCases": "155484;",
                "ref": "Might failed update. please see case 155484"
            },
            "_relations": [],
            "_fileFilter": [
                "autoupdateclient.log"
            ],
            "_collect": [
                "msg"
            ],
            "_groupby": [],
            "_orderby": [],
            "_single": false,
            "_singleStrategy": null
        }
    ],
    "_info": {
        "category": "Autoupdate",
        "name": "Error Check",
        "description": "need autoupdateClient logs; check update error."
    }
}