{
    "_executionDefList": [
        {
            "_name": "RetrieveDevice_begin",
            "_matchDefList": [
                {
                    "_type": "regex",
                    "_keyword": "OnBeginRetrieve:44]",
                    "_regex": "OnBeginRetrieve:44] {(.*?)} (.*?)$",
                    "_groupCollection": [
                        {
                            "_type": "str",
                            "_name": "taskid"
                        },
                        {
                            "_type": "str",
                            "_name": "devicename"
                        }
                    ],
                    "_paramFilter": {
                        "_field": "",
                        "_params": [],
                        "_relations": []
                    }
                }
            ],
            "_defInfo": {},
            "_relations": [],
            "_fileFilter": [
                "nblog.log"
            ],
            "_collect": [
                "path",
                "pid",
                "msg"
            ],
            "_groupby": [
                "devicename",
                "taskid",
                "path"
            ],
            "_orderby": [],
            "_single": false,
            "_singleStrategy": null
        },
        {
            "_name": "RetrieveDevice_begin_and_end",
            "_matchDefList": [
                {
                    "_type": "regex",
                    "_keyword": "OnBeginRetrieve:44]",
                    "_regex": "OnBeginRetrieve:44] {(.*?)} (.*?)$",
                    "_groupCollection": [
                        {
                            "_type": "str",
                            "_name": "taskid"
                        },
                        {
                            "_type": "str",
                            "_name": "devicename"
                        }
                    ],
                    "_paramFilter": {
                        "_field": "",
                        "_params": [],
                        "_relations": []
                    }
                },
                {
                    "_type": "regex",
                    "_keyword": "OnEndRetrieve",
                    "_regex": "OnEndRetrieve {(.*?)} (.*?)$",
                    "_groupCollection": [
                        {
                            "_type": "str",
                            "_name": "taskid"
                        },
                        {
                            "_type": "str",
                            "_name": "devicename"
                        }
                    ],
                    "_paramFilter": {
                        "_field": "",
                        "_params": [],
                        "_relations": []
                    }
                }
            ],
            "_defInfo": {
                "usedCases": "154882;155030;"
            },
            "_relations": [
                "and"
            ],
            "_fileFilter": [
                "nblog.log"
            ],
            "_collect": [
                "path",
                "pid",
                "msg"
            ],
            "_groupby": [
                "devicename",
                "taskid",
                "path"
            ],
            "_orderby": [],
            "_single": false,
            "_singleStrategy": null
        }
    ],
    "_info": {
        "category": "Benchmark",
        "name": "Find Unfinished Devices",
        "description": "worker server logs"
    }
}