{
    "_executionDefList": [
        {
            "_name": "Splitfslogs",
            "_matchDefList": [
                {
                    "_type": "simple_string",
                    "_keyword": "",
                    "_regex": "",
                    "_groupCollection": [],
                    "_paramFilter": {
                        "_field": "",
                        "_params": [],
                        "_relations": []
                    }
                }
            ],
            "_defInfo": {},
            "_relations": [],
            "_fileFilter": [
                "l3discover.log"
            ],
            "_collect": [
                "pid_tid",
                "time",
                "msg"
            ],
            "_groupby": [
                "pid_tid"
            ],
            "_orderby": [
                "time"
            ],
            "_single": false,
            "_singleStrategy": null
        }
    ],
    "_info": {
        "category": "Benchmark",
        "name": "Split fs logs",
        "description": "require fs logs;"
    }
}