{
    "_executionDefList": [
        {
            "_name": "Check connection limit",
            "_matchDefList": [
                {
                    "_type": "regex",
                    "_keyword": "reached its connection limit",
                    "_regex": "Device (\\d{1,3}\\.\\d{1,3}\\.\\d{1,3}\\.\\d{1,3}) reached its",
                    "_groupCollection": [
                        {
                            "_type": "str",
                            "_name": "ip"
                        }
                    ],
                    "_paramFilter": {
                        "_field": "",
                        "_params": [],
                        "_relations": []
                    }
                }
            ],
            "_defInfo": {
                "usedCases": "143844;150050",
                "ref": "may caused by child device concurrency issue, see case 143844"
            },
            "_relations": [],
            "_fileFilter": [
                "l3discover.log"
            ],
            "_collect": [
                "time",
                "msg"
            ],
            "_groupby": [
                "ip"
            ],
            "_orderby": [],
            "_single": true,
            "_singleStrategy": null
        }
    ],
    "_info": {
        "name": "Connection limit check",
        "category": "Benchmark",
        "description": "need fs logs"
    }
}