{
    "_executionDefList": [
        {
            "_name": "LiveRetrieveMultiDevice_begin",
            "_matchDefList": [
                {
                    "_type": "simple_string",
                    "_keyword": "LiveAccessWorker.dll, LiveRetrieveMultiDevice",
                    "_regex": "",
                    "_groupCollection": [],
                    "_paramFilter": {
                        "_field": "",
                        "_params": [],
                        "_relations": []
                    }
                }
            ],
            "_defInfo": {},
            "_relations": [],
            "_fileFilter": [
                "nblog.log"
            ],
            "_collect": [
                "path",
                "pid",
                "msg"
            ],
            "_groupby": [
                "path",
                "pid"
            ],
            "_orderby": [],
            "_single": false,
            "_singleStrategy": null
        },
        {
            "_name": "LiveRetrieveMultiDevice",
            "_matchDefList": [
                {
                    "_type": "simple_string",
                    "_keyword": "LiveAccessWorker.dll, LiveRetrieveMultiDevice",
                    "_regex": "",
                    "_groupCollection": [],
                    "_paramFilter": {
                        "_field": "",
                        "_params": [],
                        "_relations": []
                    }
                },
                {
                    "_type": "simple_string",
                    "_keyword": "WorkerShell shutdown",
                    "_regex": "",
                    "_groupCollection": [],
                    "_paramFilter": {
                        "_field": "",
                        "_params": [],
                        "_relations": []
                    }
                }
            ],
            "_defInfo": {},
            "_relations": [
                "and"
            ],
            "_fileFilter": [
                "nblog.log"
            ],
            "_collect": [
                "path",
                "pid",
                "msg"
            ],
            "_groupby": [
                "path",
                "pid"
            ],
            "_orderby": [],
            "_single": false,
            "_singleStrategy": null
        }
    ],
    "_info": {
        "category": "Benchmark",
        "name": "Find Unfinished LiveRetrieveMultiDevice Process",
        "description": "worker server logs"
    }
}