{
    "_executionDefList": [
        {
            "_name": "Check vt-100 performance",
            "_matchDefList": [
                {
                    "_type": "simple_string",
                    "_keyword": "process_cli_data() in ProcessReceive",
                    "_regex": "",
                    "_groupCollection": [],
                    "_paramFilter": {
                        "_field": "",
                        "_params": [],
                        "_relations": []
                    }
                }
            ],
            "_defInfo": {
                "usedCases": "15061;",
                "ref": "vt-100 performance issues, please try the solution of case 150619. If it does not work please transfer to Dev Team"
            },
            "_relations": [],
            "_fileFilter": [
                "l3discover.log"
            ],
            "_collect": [
                "pid_tid",
                "time",
                "msg"
            ],
            "_groupby": [
                "pid_tid"
            ],
            "_orderby": [],
            "_single": false,
            "_singleStrategy": null
        }
    ],
    "_info": {
        "category": "Benchmark",
        "name": "Check live access performance on FS side",
        "description": "require fs logs;"
    }
}