{
    "_executionDefList": [
        {
            "_name": "Device log-jumpbox timeout",
            "_matchDefList": [
                {
                    "_type": "regex",
                    "_keyword": "CLI command takes too long",
                    "_regex": "CLI command takes too long \\(\\d* second*\\) Disconnect from Jumpbox",
                    "_groupCollection": [
                        {
                            "_type": "str",
                            "_name": "taskid"
                        },
                        {
                            "_type": "str",
                            "_name": "devicename"
                        }
                    ],
                    "_paramFilter": {
                        "_field": "",
                        "_params": [],
                        "_relations": []
                    }
                }
            ],
            "_defInfo": {
                "usedCases": "155030;",
                "ref": "cannot response cli result, ref to case 155030 the second issue(jumpbox timeout issue)"
            },
            "_relations": [],
            "_fileFilter": [
                "log",
                "txt"
            ],
            "_collect": [
                "file",
                "msg"
            ],
            "_groupby": [
                "file"
            ],
            "_orderby": [],
            "_single": false,
            "_singleStrategy": null
        },
        {
            "_name": "Device log-key exchange",
            "_matchDefList": [
                {
                    "_type": "simple_string",
                    "_keyword": "end disconnected during key negotiation",
                    "_regex": "",
                    "_groupCollection": [],
                    "_paramFilter": {
                        "_field": "",
                        "_params": [],
                        "_relations": []
                    }
                }
            ],
            "_defInfo": {
                "usedCases": "151149;",
                "ref": "ssh key exchange algothrims issue, see case 151149"
            },
            "_relations": [],
            "_fileFilter": [
                "log",
                "txt"
            ],
            "_collect": [
                "file",
                "msg"
            ],
            "_groupby": [
                "file"
            ],
            "_orderby": [],
            "_single": false,
            "_singleStrategy": null
        },
        {
            "_name": "Device log-key exchange",
            "_matchDefList": [
                {
                    "_type": "simple_string",
                    "_keyword": "error code: 1001",
                    "_regex": "",
                    "_groupCollection": [],
                    "_paramFilter": {
                        "_field": "",
                        "_params": [],
                        "_relations": []
                    }
                }
            ],
            "_defInfo": {
                "usedCases": "151149;",
                "ref": "ssh key exchange algothrims issue, see case 151149"
            },
            "_relations": [],
            "_fileFilter": [
                "log",
                "txt"
            ],
            "_collect": [
                "file",
                "msg"
            ],
            "_groupby": [
                "file"
            ],
            "_orderby": [],
            "_single": false,
            "_singleStrategy": null
        },
        {
            "_name": "Device log-network latency issue",
            "_matchDefList": [
                {
                    "_type": "simple_string",
                    "_keyword": "error code: 301",
                    "_regex": "",
                    "_groupCollection": [],
                    "_paramFilter": {
                        "_field": "",
                        "_params": [],
                        "_relations": []
                    }
                }
            ],
            "_defInfo": {
                "usedCases": "140447;",
                "ref": "network latency issue, see case 140447"
            },
            "_relations": [],
            "_fileFilter": [
                "log",
                "txt"
            ],
            "_collect": [
                "file",
                "msg"
            ],
            "_groupby": [
                "file"
            ],
            "_orderby": [],
            "_single": false,
            "_singleStrategy": null
        },
        {
            "_name": "Device log-tacacs concurrency issue",
            "_matchDefList": [
                {
                    "_type": "simple_string",
                    "_keyword": "error code: 1032",
                    "_regex": "",
                    "_groupCollection": [],
                    "_paramFilter": {
                        "_field": "",
                        "_params": [],
                        "_relations": []
                    }
                }
            ],
            "_defInfo": {
                "usedCases": "151282",
                "ref": "may caused by TACACS concurrency issue, see case 152892"
            },
            "_relations": [],
            "_fileFilter": [
                "log",
                "txt"
            ],
            "_collect": [
                "file",
                "msg"
            ],
            "_groupby": [
                "file"
            ],
            "_orderby": [],
            "_single": false,
            "_singleStrategy": null
        },
        {
            "_name": "Device log-child device concurrency issue",
            "_matchDefList": [
                {
                    "_type": "simple_string",
                    "_keyword": "is too busy to handle event",
                    "_regex": "",
                    "_groupCollection": [],
                    "_paramFilter": {
                        "_field": "",
                        "_params": [],
                        "_relations": []
                    }
                }
            ],
            "_defInfo": {
                "usedCases": "143844;150050",
                "ref": "may caused by child device concurrency issue, see case 143844. run [benchmark.connection limit check]"
            },
            "_relations": [],
            "_fileFilter": [
                "log",
                "txt"
            ],
            "_collect": [
                "file",
                "msg"
            ],
            "_groupby": [
                "file"
            ],
            "_orderby": [],
            "_single": false,
            "_singleStrategy": null
        }
    ],
    "_info": {
        "category": "Benchmark",
        "name": "Screen Error From Device Logs",
        "description": "device logs"
    }
}