{
    "_executionDefList": [
        {
            "_name": "te Health check",
            "_matchDefList": [
                {
                    "_type": "simple_string",
                    "_keyword": "will not be selected",
                    "_regex": "",
                    "_groupCollection": [],
                    "_paramFilter": {
                        "_field": "",
                        "_params": [],
                        "_relations": []
                    }
                }
            ],
            "_defInfo": {
                "ref": "please use [workerserver.xfagent health check]",
                "usedCases": "154758;"
            },
            "_relations": [],
            "_fileFilter": [
                "task-engine"
            ],
            "_collect": [
                "msg"
            ],
            "_groupby": [],
            "_orderby": [],
            "_single": false,
            "_singleStrategy": null
        },
        {
            "_name": "te Health check from webserver",
            "_matchDefList": [
                {
                    "_type": "simple_string",
                    "_keyword": "will not be selected",
                    "_regex": "",
                    "_groupCollection": [],
                    "_paramFilter": {
                        "_field": "",
                        "_params": [],
                        "_relations": []
                    }
                }
            ],
            "_defInfo": {
                "ref": "please use [workerserver.xfagent health check]",
                "usedCases": "154758;"
            },
            "_relations": [],
            "_fileFilter": [
                "ng.log"
            ],
            "_collect": [
                "time",
                "msg"
            ],
            "_groupby": [],
            "_orderby": [],
            "_single": false,
            "_singleStrategy": null
        },
        {
            "_name": "te multi dc",
            "_matchDefList": [
                {
                    "_type": "simple_string",
                    "_keyword": "enable DC command with empty primary database list",
                    "_regex": "",
                    "_groupCollection": [],
                    "_paramFilter": {
                        "_field": "",
                        "_params": [],
                        "_relations": []
                    }
                }
            ],
            "_defInfo": {
                "ref": "multi dc issue, please see case 153798",
                "usedCases": "153798;"
            },
            "_relations": [],
            "_fileFilter": [
                "resourcemanager"
            ],
            "_collect": [
                "msg"
            ],
            "_groupby": [],
            "_orderby": [],
            "_single": false,
            "_singleStrategy": null
        }
    ],
    "_info": {
        "category": "Framework",
        "name": "TaskEngine Health check",
        "description": "taskengine logs; webserver logs; worker server logs"
    }
}