{
    "_executionDefList": [
        {
            "_name": "Stuck CLI thread issue",
            "_matchDefList": [
                {
                    "_type": "simple_string",
                    "_keyword": "is stuck",
                    "_regex": "",
                    "_groupCollection": [],
                    "_paramFilter": {
                        "_field": "",
                        "_params": [],
                        "_relations": []
                    }
                }
            ],
            "_defInfo": {
                "ref": "need to do"
            },
            "_relations": [],
            "_fileFilter": [
                "error.log"
            ],
            "_collect": [
                "pid",
                "time",
                "msg"
            ],
            "_groupby": [
                "pid"
            ],
            "_orderby": [],
            "_single": false,
            "_singleStrategy": null
        },
        {
            "_name": "FS restart",
            "_matchDefList": [
                {
                    "_type": "simple_string",
                    "_keyword": "everything ",
                    "_regex": "",
                    "_groupCollection": [],
                    "_paramFilter": {
                        "_field": "",
                        "_params": [],
                        "_relations": []
                    }
                }
            ],
            "_defInfo": {
                "ref": "There are some issues can cause FS restart. Top issues below: CLI thread stuck, "
            },
            "_relations": [],
            "_fileFilter": [
                "fs.log"
            ],
            "_collect": [
                "pid",
                "time"
            ],
            "_groupby": [
                "pid"
            ],
            "_orderby": [],
            "_single": false,
            "_singleStrategy": null
        },
        {
            "_name": "CLI performance issue",
            "_matchDefList": [
                {
                    "_type": "simple_string",
                    "_keyword": "is running too long time ",
                    "_regex": "",
                    "_groupCollection": [],
                    "_paramFilter": {
                        "_field": "",
                        "_params": [],
                        "_relations": []
                    }
                }
            ],
            "_defInfo": {},
            "_relations": [],
            "_fileFilter": [
                "error.log"
            ],
            "_collect": [
                "pid",
                "time",
                "msg"
            ],
            "_groupby": [
                "pid"
            ],
            "_orderby": [],
            "_single": false,
            "_singleStrategy": null
        },
        {
            "_name": "Memory issue",
            "_matchDefList": [
                {
                    "_type": "simple_string",
                    "_keyword": "the memory reached ",
                    "_regex": "",
                    "_groupCollection": [],
                    "_paramFilter": {
                        "_field": "",
                        "_params": [],
                        "_relations": []
                    }
                }
            ],
            "_defInfo": {},
            "_relations": [],
            "_fileFilter": [
                "error.log"
            ],
            "_collect": [
                "pid",
                "time",
                "msg"
            ],
            "_groupby": [
                "pid"
            ],
            "_orderby": [],
            "_single": false,
            "_singleStrategy": null
        }
    ],
    "_info": {
        "category": "FrontServer",
        "name": "FS health check",
        "description": "require fs logs; to check fs health"
    }
}