{
    "_executionDefList": [
        {
            "_name": "Schedule pool last value",
            "_matchDefList": [
                {
                    "_type": "regex",
                    "_keyword": "ScheduleTask] Type",
                    "_regex": "ScheduleTask]\\s+Type:\\s*(\\d+),\\s*SSH:\\s*(\\d+).\\s*Queue:\\s*(\\d+),\\s*waiting:\\s*(\\d+),\\s*running:\\s*(\\d+)",
                    "_groupCollection": [
                        {
                            "_type": "str",
                            "_name": "type"
                        },
                        {
                            "_type": "str",
                            "_name": "is ssh"
                        },
                        {
                            "_type": "str",
                            "_name": "queue"
                        },
                        {
                            "_type": "str",
                            "_name": "waiting"
                        },
                        {
                            "_type": "str",
                            "_name": "running"
                        }
                    ],
                    "_paramFilter": {
                        "_field": "",
                        "_params": [],
                        "_relations": []
                    }
                }
            ],
            "_defInfo": {},
            "_relations": [],
            "_fileFilter": [
                "scheduler_priority.log"
            ],
            "_collect": [
                "pid",
                "time"
            ],
            "_groupby": [
                "pid",
                "type",
                "is ssh",
                "queue"
            ],
            "_orderby": [],
            "_single": true,
            "_singleStrategy": null
        },
        {
            "_name": "Schedule pool",
            "_matchDefList": [
                {
                    "_type": "regex",
                    "_keyword": "ScheduleTask] Type",
                    "_regex": "ScheduleTask]\\s+Type:\\s*(\\d+),\\s*SSH:\\s*(\\d+).\\s*Queue:\\s*(\\d+),\\s*waiting:\\s*(\\d+),\\s*running:\\s*(\\d+)",
                    "_groupCollection": [
                        {
                            "_type": "str",
                            "_name": "type"
                        },
                        {
                            "_type": "str",
                            "_name": "is ssh"
                        },
                        {
                            "_type": "str",
                            "_name": "queue"
                        },
                        {
                            "_type": "str",
                            "_name": "waiting"
                        },
                        {
                            "_type": "str",
                            "_name": "running"
                        }
                    ],
                    "_paramFilter": {
                        "_field": "",
                        "_params": [],
                        "_relations": []
                    }
                }
            ],
            "_defInfo": {},
            "_relations": [],
            "_fileFilter": [
                "scheduler_priority.log"
            ],
            "_collect": [
                "pid",
                "time"
            ],
            "_groupby": [
                "pid",
                "type",
                "is ssh",
                "queue"
            ],
            "_orderby": [],
            "_single": true,
            "_singleStrategy": {
                "_field": "waiting",
                "_compare": "<"
            }
        }
    ],
    "_info": {
        "category": "FrontServer",
        "name": "Schedule pool",
        "description": "fs logs"
    }
}