{
    "_executionDefList": [
        {
            "_name": "LiveRetrieveMultiDevice",
            "_matchDefList": [
                {
                    "_type": "simple_string",
                    "_keyword": "Starting sub task (LiveAccessWorker.dll LiveRetrieveMultiDevice",
                    "_regex": "",
                    "_groupCollection": [],
                    "_paramFilter": {
                        "_field": "time",
                        "_params": [
                            {
                                "_type": "datetime",
                                "_name": "begintime",
                                "_compare": ">",
                                "_val": "2022-12-01"
                            },
                            {
                                "_type": "datetime",
                                "_name": "endtime",
                                "_compare": "<",
                                "_val": "2022-12-30 14"
                            }
                        ],
                        "_relations": [
                            "and"
                        ]
                    }
                }
            ],
            "_defInfo": {
                "ref": "just to find tasks."
            },
            "_relations": [],
            "_fileFilter": [
                "rmagent"
            ],
            "_collect": [
                "pid",
                "time",
                "msg"
            ],
            "_groupby": [],
            "_orderby": [],
            "_single": false,
            "_singleStrategy": null
        }
    ],
    "_info": {
        "category": "Workerserver",
        "name": "LiveRetrieveMultiDevice",
        "description": "need worker server log;"
    }
}