{
    "version": "1.8",
    "resource_version": 26,
    "data\\resource_version.json": "replace",
    "data\\execution_objs\\Autoupdate_ErrorCheck.json": "replace",
    "data\\execution_objs\\Benchmark_CheckliveaccessperformanceonFSside.json": "replace",
    "data\\execution_objs\\Benchmark_Connectionlimitcheck.json": "replace",
    "data\\execution_objs\\Benchmark_FindUnfinishedDevices.json": "replace",
    "data\\execution_objs\\Benchmark_FindUnfinishedLiveRetrieveMultiDeviceProcess.json": "replace",
    "data\\execution_objs\\Benchmark_ScreenErrorFromDeviceLogs.json": "replace",
    "data\\execution_objs\\Benchmark_Splitfslogs.json": "replace",
    "data\\execution_objs\\Framework_TaskEngineHealthcheck.json": "replace",
    "data\\execution_objs\\Framework_XFAgentHealthcheck.json": "replace",
    "data\\execution_objs\\FrontServer_fshealthcheck.json": "replace",
    "data\\execution_objs\\FrontServer_Schedulepool.json": "replace",
    "data\\execution_objs\\Workerserver_LiveRetrieveMultiDevice.json": "replace",
    "data\\execution_objs\\Workerserver_QappTriggerDataAnalysisTask.json": "replace",
    "debug.ico": "replace",
    "auto_troubleshooting_UI.exe": "restart"
}